kmer,occurrences
CCGTG,4
CGTGC,4
GTGCC,3
TGCCC,5
GCCCG,2
CCCGA,3
CCGAG,2
CGAGA,2
GAGAC,6
AGACT,11
GACTC,7
ACTCG,2
CTCGC,2
TCGCG,2
CGCGT,1
GCGTG,2
CGTGG,2
GTGGC,5
TGGCT,5
GGCTA,2
GCTAT,10
CTATA,5
TATAT,1
ATATG,6
TATGG,8
ATGGG,5
TGGGA,6
GGGAA,8
GGAAT,8
GAATT,10
AATTG,8
ATTGT,4
TTGTA,5
TGTAG,6
GTAGT,10
TAGTC,7
AGTCC,7
GTCCT,8
TCCTT,5
CCTTC,11
CTTCT,9
TTCTG,17
TCTGG,15
CTGGG,6
GGGAC,3
GGACT,2
GACTT,5
ACTTG,7
CTTGT,6
TGTAA,8
GTAAG,8
TAAGT,4
AAGTT,11
AGTTC,14
GTTCT,13
TTCTT,10
TCTTT,4
CTTTA,5
TTTAG,6
TTAGC,6
TAGCC,4
AGCCT,16
GCCTA,3
CCTAT,6
CTATT,7
TATTC,4
ATTCG,3
TTCGC,2
TCGCC,3
CGCCG,1
GCCGC,2
CCGCT,4
CGCTC,3
GCTCT,4
CTCTC,13
TCTCA,11
CTCAA,8
TCAAG,17
CAAGA,19
AAGAT,12
AGATA,11
GATAC,8
ATACG,3
TACGA,1
ACGAA,3
CGAAA,5
GAAAA,28
AAAAC,15
AAACC,12
AACCT,15
ACCTA,9
CCTAA,5
CTAAC,9
TAACA,9
AACAC,8
ACACT,10
CACTC,5
ACTCC,3
CTCCA,6
TCCAA,12
CCAAT,4
CAATC,4
AATCC,7
ATCCA,6
TCCAT,6
CCATA,3
CATAT,7
ATATC,5
TATCT,9
ATCTG,17
TCTGT,18
CTGTT,7
TGTTG,6
GTTGA,6
TTGAC,6
TGACG,4
GACGT,4
ACGTG,3
GTGCG,2
TGCGT,2
GCGTA,1
CGTAA,1
TAAGC,8
AAGCG,6
AGCGC,2
GCGCA,1
CGCAC,1
GCACG,1
CACGC,2
ACGCA,4
CGCAG,3
GCAGT,16
CAGTT,12
TCTTC,9
CTTCA,13
TTCAA,14
CAAGC,9
AAGCT,6
AGCTA,7
CTATC,6
ATCTA,7
TCTAC,5
CTACT,4
TACTG,7
ACTGG,4
CTGGC,6
GGCTT,6
GCTTG,4
CTTGC,5
TTGCC,4
TGCCG,2
GCCGT,1
CGTGA,2
GTGAG,8
TGAGA,12
GAGAA,19
AGAAT,16
GAATC,13
AATCG,2
ATCGC,1
CGCGC,1
GCGCC,2
CGCCC,1
CCCGC,2
CGCTT,1
GCTTC,5
CTTCC,7
TTCCG,1
TCCGC,2
CGCTG,1
GCTGT,4
CTGTC,8
TGTCG,1
GTCGC,1
TCGCA,1
CGCAA,3
GCAAG,11
CGCCT,2
GCCTC,8
CCTCT,9
TCTCC,7
CCAAA,16
CAAAA,19
AAAAG,23
AAAGA,25
AAGAC,9
GACTA,1
ACTAC,3
CTACA,6
TACAG,7
ACAGT,10
AGTTT,11
GTTTC,7
TTTCC,7
TTCCC,8
TCCCA,9
CCCAG,9
CCAGG,14
CAGGA,14
AGGAA,22
GGAAC,7
GAACA,11
ACACC,5
CACCG,1
ACCGT,3
TGGCG,1
GGCGA,3
GCGAA,4
CGAAG,7
GAAGG,8
AAGGC,8
AGGCC,1
GGCCT,7
GCCTT,11
CCTTT,9
CTTTC,6
TTTCG,1
TTCGA,4
TCGAT,2
CGATC,1
GATCC,7
ATCCG,4
CCGCA,2
GCAAT,4
CAATG,5
AATGC,8
ATGCA,9
TGCAT,3
GCATG,7
CATGC,10
ATGCT,12
TGCTG,9
GCTGG,5
CTGGA,13
TGGAA,17
GGAAA,20
GAAAT,19
AAATC,13
ATCGT,2
TCGTA,2
CGTAG,2
TAGTT,8
GTTTT,6
TTTTT,5
TTTTC,10
TCCCC,4
CCCCA,4
CCCAC,3
CCACA,7
CACAC,7
ACACA,9
CACAA,7
ACAAT,5
CAATT,5
AATTC,2
ATTCT,5
CTTTT,8
TTTTA,5
TTTAT,5
TTATT,5
TATTT,13
ATTTA,5
TTTAC,2
TTACC,6
TACCT,3
CTAAA,6
TAAAC,5
AAACT,7
AACTA,8
ACTAG,5
CTAGA,8
TAGAG,12
AGAGC,15
GAGCC,12
TTCCA,14
CCATT,2
CATTG,7
ATTGC,5
TTGCG,3
TGCGG,2
GCGGC,1
CGGCG,1
GGCGG,1
GCGGA,2
CGGAA,4
AAATG,18
AATGG,11
ATGGT,9
TGGTG,8
GGTGA,9
TGAGG,10
GAGGG,7
AGGGA,8
AACAG,16
ACAGG,5
CAGGG,7
AGGGC,2
GGGCC,5
GGCCC,2
GCCCC,2
CCCCT,4
CCCTT,10
TTTTG,9
TTTGC,9
TGCGA,2
GCGAC,1
CGACT,1
GACTG,4
ACTGT,5
TGTCT,8
GTCTC,3
CTCAG,14
TCAGG,11
CAGGC,9
AGGCA,12
GGCAC,3
GCACT,1
CACTA,5
ACTAT,3
ATCTT,5
TCTTG,4
TGCGC,1
GCGCT,1
GCTCA,7
CTCAT,9
TCATA,6
ATATT,11
TTCGG,1
TCGGG,1
CGGGC,1
CCTCA,8
GGCAG,4
CAGTG,13
AGTGA,19
GTGAT,9
TGATT,8
GATTC,8
ATTCC,3
TCCAG,12
CCAGC,6
CAGCC,7
AGCCA,15
GCCAT,3
CCATC,4
CATCT,8
ATCTC,8
TCTCT,11
CTCTG,12
CTGTG,11
TGTGA,8
GTGAC,6
TGATA,10
GATAA,10
ATAAG,6
AAGCC,14
AGCCC,5
GCCCA,5
CCAGA,15
CAGAG,24
AGAGT,22
GAGTG,13
AGTGG,9
GTGGA,7
GAAAC,11
AACCC,10
ACCCA,7
CCCAA,10
CCAAG,10
CAAGG,10
AAGGA,18
AAAAA,12
AAAAT,14
ATGGA,9
TGGAT,6
GGATT,4
GATTT,9
TTATC,4
TCTGC,7
CTGCG,2
CGGAT,1
GGATC,4
GATCG,1
TCGTG,1
CGTGT,2
GTGTT,7
TTGAA,12
TGAAG,20
GAAGA,26
AAGAA,28
AGAAG,19
GAAGT,18
AAGTA,18
AGTAC,10
GTACA,6
TACAA,7
ACAAA,17
AATGT,7
ATGTT,8
TGTTC,11
TCTTA,5
CTTAA,3
TTAAT,7
TAATG,8
TGCTA,8
CTATG,6
TATGC,5
TGCAG,14
GCAGA,13
CAGAA,23
AGAAA,34
AATCT,12
CTTAG,6
TTAGA,10
AGTGT,13
GTGTC,5
TGTCC,7
GTCCA,7
CAATA,4
AATAT,12
TATGT,6
ATGTC,6
GTCTG,11
TGGAG,9
GGAGT,4
GAGTT,5
AGTTG,5
TTGAT,3
TGATC,7
GATCA,5
ATCAA,10
TCAAA,7
CAAAG,14
AAGAG,27
GCCTG,4
CCTGT,3
TGTTT,6
TTTCT,16
TTCTA,9
AAAGT,20
AAGTG,13
GTGTG,10
ATCAC,4
TCACA,7
CACAT,3
ACATA,2
ATTTT,10
TTGCA,9
TGCAA,11
GCAAA,12
CAAAT,14
AAATT,6
AATTT,7
TTTGT,7
TGTAT,2
GTATG,4
GCTGA,11
CTGAA,24
TGAAA,20
AACTT,9
ACTTC,7
TTCTC,7
TCAAC,8
CAACC,7
AACCA,12
ACCAG,13
AGAGG,13
GAGGA,23
GGAAG,16
AAGGG,4
AGGGG,2
GGGGC,4
TTCAC,4
CACAG,11
CTTTG,5
TTGTG,8
TGTGT,10
GTGTA,3
TAAGA,6
AGAAC,15
GAACG,2
AACGA,3
ACGAT,1
CGATA,1
GATAT,4
ATATA,2
TATAA,4
ATAAC,10
TAACC,10
ACCAA,10
AAAGG,12
AGGAG,19
GGAGC,11
CCTAC,4
ACAAG,9
GAAAG,21
AGATT,9
TTAGT,5
AGTCA,13
GTCAA,5
CAACT,7
TTGTT,8
GTTGT,8
AATCA,10
ATCAT,6
TCATT,9
CATTC,4
ATTCA,7
TTCAT,7
TCATG,9
TGCTT,10
GCTTT,8
TTTGA,6
TTGAG,5
TGAGC,7
GAGCT,7
AGCTG,7
TGGAC,5
GGACA,9
GACAC,8
AGGAT,8
GATTG,2
GTTTG,9
CAGAC,6
AGACA,9
GACAG,8
ACAGC,10
CAGCT,8
TAACT,9
ACTTT,3
AAATA,17
AATAA,13
AACTC,5
ACTCT,7
CTCCT,6
TCCTG,6
CCTGA,12
CTGAG,14
GAGCA,15
AGCAT,12
GCATC,9
TCTAA,9
TAAAG,10
GGAGG,9
TCTAT,5
TATTA,7
ATTAT,4
TATCC,3
AGTAT,8
TGGGC,3
GGGCT,4
TATCG,3
ATCGA,2
TCGAA,5
AACCG,2
TGCCA,6
GCCAA,6
CTTCG,3
TCGAC,2
CGACA,1
ACAGA,17
GTGAA,15
TGAAC,7
GAACC,10
ACCTG,8
ACCCT,6
CCCTA,3
CTACC,2
ACCTT,3
CCTTG,4
CTTGG,3
TTGGA,8
CCAGT,12
CAGTC,8
AGTCT,11
GTCTT,6
TAGTG,7
CCAAC,8
CTCTA,5
GAGAT,11
AGATC,9
GATCT,8
TCTGA,17
AGGAC,8
GACAA,9
AAAGC,11
AAGCA,12
AGCAG,19
GCAGC,5
CAGCA,13
CAGAT,13
ATACA,5
TCAGA,21
GAATA,8
AAGTC,9
GTCTA,5
TACAT,2
ACATT,5
ATTGA,9
TGAAT,15
ATTGG,4
TTGGG,1
TGGGG,5
GGGGT,2
GGGTC,4
GGTCT,6
CTGAT,12
AGTTA,6
GTTAA,5
TAATA,6
TAAGG,6
GGCAA,5
CAAGT,9
TGTGG,11
GTGGG,7
GGGAG,4
GGAGA,9
AGATG,11
GATGA,10
ATGAC,7
TGACA,10
GTTAG,8
TAGAA,14
TCACC,4
CACCT,6
ACCTC,6
GCCAG,13
GGCTG,6
GAAGC,10
ATCCT,5
CCTGC,3
CTGCA,3
AGGCT,6
GCTGC,3
CTGCT,7
GGGGA,1
GACAT,4
CATAA,3
AACAA,13
TATTG,5
AACAT,10
ACATC,6
CATCA,9
TCATC,3
TCAAT,5
TCCGG,3
CCGGT,2
CGGTA,1
GGTAA,4
GTAAT,5
ATAAA,12
ATTTG,5
TGACC,4
GACCA,6
ACCAC,7
CCACC,4
CACCA,6
CCACT,3
CACTG,3
ACTGA,12
GCAAC,5
ACTAA,6
CTAAG,7
CATCC,5
GTATC,4
TATCA,4
ATCAG,8
AGGGT,6
GGGTA,6
GGTAT,5
GTATT,6
ATTTC,10
TTTCA,9
CAAAC,5
CATGT,10
ATGTG,8
CCATG,6
TGGCA,5
GCACA,5
AATAC,4
ATACT,5
TACTC,2
ACTCA,7
ATGCC,4
AGCTC,6
CATTA,5
ATTAC,6
TTACA,2
CATGA,5
ATGAG,7
GTTTA,3
TTACT,2
CTCAC,2
TCACT,3
AAACA,15
GAATG,10
AATGA,15
ATGAA,11
ATGTA,5
GTAGA,8
CTGTA,4
AGCAA,13
CCTGG,4
GCTTA,3
TAGCA,7
CAACA,12
GATGG,4
AGTAA,8
ACATG,6
ATGAT,7
GATAG,5
ATAGG,2
TAGGC,3
AGCAC,3
AGAGA,24
AAGGT,6
AGGTA,5
GGTAG,5
GAACT,8
AACTG,9
CCTCC,2
TCCAC,3
ATAGT,7
TCCTA,4
CCTAG,4
GATGT,4
GTTCC,7
TTCCT,1
GGATA,5
AATAG,6
TAGTA,5
AGTAG,11
GTAGC,2
GCATA,5
CATAC,3
TACGG,2
ACGGA,2
TGAGT,5
GTGGT,5
TGGTT,5
GGTTT,7
GACGA,1
ATTAA,7
TTAAC,5
TGATG,6
GTAGG,4
TAGGT,6
AGGTG,4
GGTGG,2
GGTGC,2
GTGCA,9
CAGTA,10
TGGGT,5
GGGTG,1
CTGGT,3
GGTTC,2
ATAGA,6
TAGAC,2
ACTTA,4
ATGGC,3
TGGCC,4
GGCCA,1
TCCTC,5
GGATG,2
GATGC,2
GAGTC,9
TAGGA,2
GAGGT,2
TAAAA,5
TTTGG,6
ATCGG,1
TCGGA,1
CGGAG,2
CTCCC,3
TCCCT,5
GCCAC,1
ACAAC,5
TATAG,3
GAGCG,1
AGCGT,2
TGTGC,8
GTGCT,5
CCCAT,3
ATCCC,7
TCTAG,7
CTAGC,3
TTAGG,4
GGCAT,6
GCATT,1
GCTAA,6
CTAAT,4
TAATT,3
AGCGA,3
GCGAG,2
TGGTC,2
GGTCA,2
GTCAT,5
TAAAT,7
ATAAT,2
GGTCC,4
GATTA,3
TTATG,5
GTTCA,7
TTCAG,11
GCAGG,6
AATTA,7
TTAAA,5
ATAGC,2
TAGCT,2
GCTCC,3
GCACC,2
CTGCC,3
CACTT,4
GCCCT,4
CTTGA,5
TTCGT,1
CATAG,3
GGACC,4
GTACC,4
TACCA,9
GTCAG,11
TCAGC,7
CAGGT,6
CGCCA,1
TTTAA,5
TTGCT,5
CTAGT,5
AGTGC,5
CCCTG,4
GAGAG,11
AGCCG,1
GCCGA,1
CCGAA,4
TGACT,3
TGGTA,5
AGGTT,6
GAGTA,4
TTGGT,3
GGTAC,3
GTACT,4
TACTT,3
TACAC,3
CTGAC,2
CACCC,2
AGGCG,2
CGAAT,2
ACCCC,3
CATGG,3
GGTTG,4
GGGTT,2
ACACG,2
CTTAC,2
TTACG,1
TACGC,1
GCGTC,1
CGTCA,3
TCAGT,5
CATTT,1
TGCTC,2
CCGGA,2
GTAAC,4
GTCCC,2
CCCCG,1
AGGTC,5
GTCAC,4
GCGAT,1
CGATT,1
TCTCG,2
CTCGG,1
TCGGC,2
CGGCT,2
TTGTC,4
TGTCA,7
CCTTA,5
CTTAT,6
ACCAT,3
TATAC,1
ATACC,3
TGTTA,7
ACCCG,1
ATTAG,5
AGTCG,2
GTCGG,2
GGCTC,3
TACTA,3
CTAGG,1
ACCGA,1
CGAGG,1
GACCT,2
TTAAG,3
GTAAA,4
TCGGT,1
CGGTC,2
AGCTT,3
AGACC,2
CACGT,1
ACGTT,2
CGTTT,1
TTGGC,1
GGTTA,1
GTTAC,1
TGCCT,1
GTTGC,2
TACCG,1
CCGTC,1
TACCC,2
CTCGA,2
CGATG,1
GAGGC,1
GGACG,1
CGTTC,1
TATGA,2
AAACG,2
ACGAG,1
CGAGC,2
CCCTC,2
TTATA,1
GTTCG,1
AACGC,1
CGCAT,1
TCCCG,2
ACGGT,1
CCCGG,1
CGGTT,1
TAGAT,4
TGTAC,1
ACTGC,2
CCTCG,2
GACCC,3
CTCGT,1
TCGTC,1
GCGTT,1
CGTTG,1
GGTCG,1
GTCGA,1
GCTAG,1
GTATA,1
GGGCA,1
TGCAC,2
CTCTT,1
TAATC,1
CGAAC,2
GTCCG,1
TCCGA,1
AGACG,1
GACGG,1
CGACC,1
